EMPLOYEE_ID,EMPLOYEE_FIRSTNAME,EMPLOYEE_LASTNAME,EMPLOYEE_EMAIL,EMPLOYEE_PHONE
1,Thane,Mutter,tmutter0@google.co.jp,+380 (491) 708-5889
2,Gennie,Drains,gdrains1@un.org,+86 (867) 665-8054
3,Dee dee,Varran,dvarran2@live.com,+52 (134) 153-5878
4,Hobie,Hengoed,hhengoed3@diigo.com,+86 (133) 533-5830
5,Huberto,Yegorov,hyegorov4@reuters.com,+7 (684) 468-5554
6,Sheffy,Newham,snewham5@pcworld.com,+86 (682) 425-4870
7,Ragnar,Conradie,rconradie6@sciencedirect.com,+86 (707) 786-3803
8,Devan,Balasini,dbalasini7@tinypic.com,+86 (112) 491-6707
9,Adam,Flower,aflower8@google.fr,+7 (883) 489-8644
10,Alford,Kuhn,akuhn9@g.co,+86 (993) 745-5377